{
  "IcoMoonType": "selection",
  "icons": [
    {
      "icon": {
        "paths": [
          "M682 854v-172h172v172h-172zM682 598v-172h172v172h-172zM426 342v-172h172v172h-172zM682 170h172v172h-172v-172zM426 598v-172h172v172h-172zM170 598v-172h172v172h-172zM170 854v-172h172v172h-172zM426 854v-172h172v172h-172zM170 342v-172h172v172h-172z"
        ],
        "attrs": [
          {}
        ],
        "isMulticolor": false,
        "isMulticolor2": false,
        "grid": 20,
        "tags": [
          "apps"
        ]
      },
      "attrs": [
        {}
      ],
      "properties": {
        "order": 59,
        "id": 21,
        "name": "apps",
        "prevSize": 20,
        "code": 59657
      },
      "setIdx": 0,
      "setId": 3,
      "iconIdx": 0
    },
    {
      "icon": {
        "paths": [
          "M810 274l-238 238 238 238-60 60-238-238-238 238-60-60 238-238-238-238 60-60 238 238 238-238z"
        ],
        "attrs": [
          {}
        ],
        "isMulticolor": false,
        "isMulticolor2": false,
        "grid": 20,
        "tags": [
          "close"
        ]
      },
      "attrs": [
        {}
      ],
      "properties": {
        "order": 58,
        "id": 20,
        "name": "close",
        "prevSize": 20,
        "code": 59658
      },
      "setIdx": 0,
      "setId": 3,
      "iconIdx": 1
    },
    {
      "icon": {
        "paths": [
          "M716.8 102.4v870.4l-204.8-204.8-204.8 204.8v-870.4c0-28.314 29.952-52.224 51.2-51.2h307.2c35.277-1.024 51.2 22.886 51.2 51.2z"
        ],
        "attrs": [],
        "isMulticolor": false,
        "isMulticolor2": false,
        "tags": [
          "bookmark"
        ],
        "grid": 20
      },
      "attrs": [],
      "properties": {
        "id": 0,
        "order": 18,
        "prevSize": 20,
        "code": 59648,
        "name": "bookmark"
      },
      "setIdx": 0,
      "setId": 3,
      "iconIdx": 2
    },
    {
      "icon": {
        "paths": [
          "M231.219 386.458c22.323-22.835 53.402-24.627 80.691 0l200.090 191.846 200.090-191.846c27.29-24.627 58.419-22.835 80.589 0 22.323 22.784 20.89 61.286 0 82.688-20.787 21.402-240.384 230.502-240.384 230.502-11.11 11.418-25.702 17.152-40.294 17.152s-29.184-5.734-40.397-17.152c0 0-219.494-209.101-240.384-230.502-20.941-21.402-22.323-59.904 0-82.688z"
        ],
        "attrs": [],
        "isMulticolor": false,
        "isMulticolor2": false,
        "tags": [
          "chevron-down"
        ],
        "grid": 20
      },
      "attrs": [],
      "properties": {
        "id": 1,
        "order": 31,
        "prevSize": 20,
        "code": 59649,
        "name": "chevron-down"
      },
      "setIdx": 0,
      "setId": 3,
      "iconIdx": 3
    },
    {
      "icon": {
        "paths": [
          "M711.219 891.802c13.722 13.926 13.722 36.301 0 50.125s-35.891 13.875-49.613 0l-400.896-404.89c-13.722-13.824-13.722-36.198 0-50.125l400.896-404.89c13.722-13.824 35.891-13.824 49.613 0 13.722 13.875 13.722 36.301 0 50.125l-365.619 379.853 365.619 379.802z"
        ],
        "attrs": [],
        "isMulticolor": false,
        "isMulticolor2": false,
        "tags": [
          "chevron-thin-left"
        ],
        "grid": 20
      },
      "attrs": [],
      "properties": {
        "id": 2,
        "order": 3,
        "prevSize": 20,
        "code": 59650,
        "name": "chevron-thin-left"
      },
      "setIdx": 0,
      "setId": 3,
      "iconIdx": 4
    },
    {
      "icon": {
        "paths": [
          "M678.4 512l-365.619-379.904c-13.722-13.824-13.722-36.198 0-50.125 13.722-13.824 35.891-13.824 49.613 0l400.896 404.89c13.722 13.875 13.722 36.301 0 50.125l-400.896 404.89c-13.722 13.875-35.891 13.824-49.613 0-13.722-13.773-13.722-36.198 0-50.125l365.619-379.75z"
        ],
        "attrs": [],
        "isMulticolor": false,
        "isMulticolor2": false,
        "tags": [
          "chevron-thin-right"
        ],
        "grid": 20
      },
      "attrs": [],
      "properties": {
        "id": 3,
        "order": 4,
        "prevSize": 20,
        "code": 59651,
        "name": "chevron-thin-right"
      },
      "setIdx": 0,
      "setId": 3,
      "iconIdx": 5
    },
    {
      "icon": {
        "paths": [
          "M792.781 637.542c-22.323 22.835-53.402 24.627-80.691 0l-200.090-191.846-200.090 191.846c-27.29 24.627-58.419 22.835-80.589 0-22.323-22.784-20.89-61.286 0-82.688 20.787-21.402 240.384-230.502 240.384-230.502 11.11-11.418 25.702-17.152 40.294-17.152s29.184 5.734 40.397 17.152c0 0 219.494 209.101 240.384 230.502 20.941 21.402 22.323 59.904 0 82.688z"
        ],
        "attrs": [],
        "isMulticolor": false,
        "isMulticolor2": false,
        "tags": [
          "chevron-up"
        ],
        "grid": 20
      },
      "attrs": [],
      "properties": {
        "id": 4,
        "order": 55,
        "prevSize": 20,
        "code": 59660,
        "name": "chevron-up"
      },
      "setIdx": 0,
      "setId": 3,
      "iconIdx": 6
    },
    {
      "icon": {
        "paths": [
          "M512.051 399.36c-62.208 0-112.691 50.432-112.691 112.64s50.483 112.64 112.691 112.64c62.208 0 112.589-50.432 112.589-112.64s-50.381-112.64-112.589-112.64zM153.651 399.36c-62.208 0-112.691 50.432-112.691 112.64s50.483 112.64 112.691 112.64c62.208 0 112.589-50.483 112.589-112.64s-50.381-112.64-112.589-112.64zM870.451 399.36c-62.208 0-112.691 50.432-112.691 112.64s50.483 112.64 112.691 112.64c62.208 0 112.589-50.432 112.589-112.64s-50.381-112.64-112.589-112.64z"
        ],
        "attrs": [],
        "isMulticolor": false,
        "isMulticolor2": false,
        "tags": [
          "dots-three-horizontal"
        ],
        "grid": 20
      },
      "attrs": [],
      "properties": {
        "id": 5,
        "order": 29,
        "prevSize": 20,
        "code": 59652,
        "name": "dots-three-horizontal"
      },
      "setIdx": 0,
      "setId": 3,
      "iconIdx": 7
    },
    {
      "icon": {
        "paths": [
          "M512.051 399.36c-62.208 0-112.691 50.432-112.691 112.64s50.483 112.64 112.691 112.64c62.208 0 112.589-50.432 112.589-112.64s-50.381-112.64-112.589-112.64zM512.051 266.24c62.208 0 112.589-50.483 112.589-112.64s-50.381-112.64-112.589-112.64c-62.208 0-112.691 50.432-112.691 112.64s50.483 112.64 112.691 112.64zM512.051 757.76c-62.208 0-112.691 50.432-112.691 112.64s50.483 112.64 112.691 112.64c62.208 0 112.589-50.432 112.589-112.64s-50.381-112.64-112.589-112.64z"
        ],
        "attrs": [],
        "isMulticolor": false,
        "isMulticolor2": false,
        "tags": [
          "dots-three-vertical"
        ],
        "grid": 20
      },
      "attrs": [],
      "properties": {
        "id": 6,
        "order": 28,
        "prevSize": 20,
        "code": 59653,
        "name": "dots-three-vertical"
      },
      "setIdx": 0,
      "setId": 3,
      "iconIdx": 8
    },
    {
      "icon": {
        "paths": [
          "M357.734 562.534l-150.067 155.187-105.267-124.365v328.243h327.014l-124.416-106.547 155.136-150.118-102.4-102.4zM594.586 102.4l124.416 106.547-155.136 150.118 102.4 102.4 150.067-155.187 105.267 124.365v-328.243h-327.014z"
        ],
        "attrs": [],
        "isMulticolor": false,
        "isMulticolor2": false,
        "tags": [
          "resize-full-screen"
        ],
        "grid": 20
      },
      "attrs": [],
      "properties": {
        "id": 7,
        "order": 30,
        "prevSize": 20,
        "code": 59654,
        "name": "resize-full-screen"
      },
      "setIdx": 0,
      "setId": 3,
      "iconIdx": 9
    },
    {
      "icon": {
        "paths": [
          "M256 307.2h512l-256 460.8-256-460.8z"
        ],
        "attrs": [],
        "isMulticolor": false,
        "isMulticolor2": false,
        "tags": [
          "triangle-down"
        ],
        "grid": 20
      },
      "attrs": [],
      "properties": {
        "id": 8,
        "order": 60,
        "prevSize": 20,
        "code": 59655,
        "name": "triangle-down"
      },
      "setIdx": 0,
      "setId": 3,
      "iconIdx": 10
    },
    {
      "icon": {
        "paths": [
          "M768 716.8h-512l256-460.8 256 460.8z"
        ],
        "attrs": [],
        "isMulticolor": false,
        "isMulticolor2": false,
        "tags": [
          "triangle-up"
        ],
        "grid": 20
      },
      "attrs": [],
      "properties": {
        "id": 9,
        "order": 54,
        "prevSize": 20,
        "code": 59664,
        "name": "triangle-up"
      },
      "setIdx": 0,
      "setId": 3,
      "iconIdx": 11
    },
    {
      "icon": {
        "paths": [
          "M512 409.6c-84.838 0-153.6 68.813-153.6 153.6s68.762 153.6 153.6 153.6c84.787 0 153.6-68.813 153.6-153.6s-68.813-153.6-153.6-153.6zM921.6 256h-122.88c-16.896 0-35.123-13.107-40.397-29.184l-31.795-95.283c-5.376-16.026-23.501-29.133-40.448-29.133h-348.16c-16.896 0-35.123 13.107-40.397 29.082l-31.846 95.334c-5.325 16.077-23.501 29.184-40.397 29.184h-122.88c-56.32 0-102.4 46.080-102.4 102.4v460.8c0 56.32 46.080 102.4 102.4 102.4h819.2c56.32 0 102.4-46.080 102.4-102.4v-460.8c0-56.32-46.080-102.4-102.4-102.4zM512 819.2c-141.414 0-256-114.586-256-256s114.586-256 256-256c141.363 0 256 114.586 256 256s-114.637 256-256 256zM896 419.84c-19.814 0-35.84-16.077-35.84-35.891 0-19.712 16.026-35.84 35.84-35.84s35.84 16.077 35.84 35.84c0 19.814-16.026 35.891-35.84 35.891z"
        ],
        "attrs": [],
        "isMulticolor": false,
        "isMulticolor2": false,
        "tags": [
          "camera"
        ],
        "grid": 20
      },
      "attrs": [],
      "properties": {
        "id": 10,
        "order": 17,
        "prevSize": 20,
        "code": 59656,
        "name": "camera"
      },
      "setIdx": 0,
      "setId": 3,
      "iconIdx": 12
    },
    {
      "icon": {
        "paths": [
          "M512 225.28c-335.923 0-512 247.398-512 286.72 0 39.219 176.077 286.72 512 286.72 335.872 0 512-247.501 512-286.72 0-39.322-176.128-286.72-512-286.72zM512 732.518c-125.696 0-227.584-98.714-227.584-220.518s101.888-220.621 227.584-220.621c125.696 0 227.533 98.816 227.533 220.621s-101.837 220.518-227.533 220.518zM512 512c-20.838-22.886 33.946-110.285 0-110.285-62.874 0-113.818 49.408-113.818 110.285s50.944 110.285 113.818 110.285c62.822 0 113.818-49.408 113.818-110.285 0-28.006-96.102 19.405-113.818 0z"
        ],
        "attrs": [],
        "isMulticolor": false,
        "isMulticolor2": false,
        "tags": [
          "eye"
        ],
        "grid": 20
      },
      "attrs": [],
      "properties": {
        "id": 12,
        "order": 9,
        "prevSize": 20,
        "code": 59662,
        "name": "eye"
      },
      "setIdx": 0,
      "setId": 3,
      "iconIdx": 13
    },
    {
      "icon": {
        "paths": [
          "M512 51.2c-251.29 0-409.6 77.414-409.6 153.651v102.4c0 47.002 307.2 307.2 307.2 307.2v307.2c-0.051 35.021 51.2 51.2 102.4 51.2s102.451-16.179 102.4-51.2v-307.2c0 0 307.2-260.198 307.2-307.2v-102.4c0-76.237-158.31-153.651-409.6-153.651zM512 313.498c-183.859-0.051-314.266-68.25-314.266-93.747-0.102-25.344 130.458-93.747 314.266-93.645 183.808-0.102 314.368 68.301 314.266 93.594 0 25.549-130.406 93.747-314.266 93.798z"
        ],
        "attrs": [],
        "isMulticolor": false,
        "isMulticolor2": false,
        "tags": [
          "funnel"
        ],
        "grid": 20
      },
      "attrs": [],
      "properties": {
        "id": 13,
        "order": 7,
        "prevSize": 20,
        "code": 59663,
        "name": "funnel"
      },
      "setIdx": 0,
      "setId": 3,
      "iconIdx": 14
    },
    {
      "icon": {
        "paths": [
          "M956.006 563.2h-85.606v307.2c0 22.784-9.933 51.2-51.2 51.2h-204.8v-307.2h-204.8v307.2h-204.8c-41.267 0-51.2-28.416-51.2-51.2v-307.2h-85.606c-30.618 0-24.064-16.589-3.072-38.298l410.829-411.238c9.984-10.342 23.091-15.462 36.25-15.974 13.158 0.512 26.266 5.581 36.25 15.974l410.778 411.187c21.043 21.76 27.597 38.349-3.021 38.349z"
        ],
        "attrs": [],
        "isMulticolor": false,
        "isMulticolor2": false,
        "tags": [
          "home"
        ],
        "grid": 20
      },
      "attrs": [],
      "properties": {
        "id": 14,
        "order": 5,
        "prevSize": 20,
        "code": 59666,
        "name": "home"
      },
      "setIdx": 0,
      "setId": 3,
      "iconIdx": 15
    },
    {
      "icon": {
        "paths": [
          "M972.8 102.4h-921.6c-28.314 0-51.2 22.886-51.2 51.2v716.8c0 28.262 22.886 51.2 51.2 51.2h921.6c28.314 0 51.2-22.938 51.2-51.2v-716.8c0-28.262-22.886-51.2-51.2-51.2zM921.6 819.2h-819.2v-614.4h819.2v614.4zM732.928 556.902l-165.427 82.176-193.024-312.371-169.677 390.093h614.4l-86.272-159.898zM678.4 460.8c35.328 0 64-28.672 64-64s-28.672-64-64-64-64 28.672-64 64 28.672 64 64 64z"
        ],
        "attrs": [],
        "isMulticolor": false,
        "isMulticolor2": false,
        "tags": [
          "image"
        ],
        "grid": 20
      },
      "attrs": [],
      "properties": {
        "id": 15,
        "order": 13,
        "prevSize": 20,
        "code": 59667,
        "name": "image"
      },
      "setIdx": 0,
      "setId": 3,
      "iconIdx": 16
    },
    {
      "icon": {
        "paths": [
          "M402.381 752.179l-41.472 41.216c-35.891 35.584-94.362 35.584-130.304 0-17.203-17.101-26.675-39.885-26.675-64.102s9.523-46.899 26.675-64.102l152.576-151.296c31.59-31.386 91.085-77.568 134.451-34.56 19.917 19.763 52.019 19.661 71.834-0.256 19.712-19.917 19.61-52.070-0.307-71.782-73.626-73.114-182.579-59.597-277.453 34.56l-152.576 151.347c-36.608 36.301-56.73 84.685-56.73 136.090 0 51.507 20.173 99.789 56.73 136.090 37.683 37.376 87.142 56.115 136.653 56.115s99.021-18.688 136.653-56.115l41.523-41.216c19.917-19.712 20.019-51.814 0.256-71.68-19.814-19.866-51.917-19.968-71.834-0.307zM864.819 164.198c-79.206-78.541-189.901-82.79-263.117-10.086l-51.661 51.302c-19.917 19.763-20.070 51.866-0.307 71.731 19.763 19.917 51.866 20.019 71.782 0.256l51.712-51.251c37.888-37.683 87.603-22.067 120.115 10.086 17.203 17.152 26.726 39.885 26.726 64.102s-9.523 46.95-26.726 64.051l-162.816 161.485c-74.445 73.779-109.363 39.219-124.262 24.422-19.917-19.763-52.019-19.61-71.731 0.256-19.763 19.917-19.661 52.070 0.256 71.731 34.202 33.894 73.216 50.688 114.074 50.688 50.022 0 102.912-25.19 153.242-75.11l162.816-161.434c36.454-36.352 56.678-84.685 56.678-136.090 0-51.456-20.224-99.789-56.781-136.141z"
        ],
        "attrs": [],
        "isMulticolor": false,
        "isMulticolor2": false,
        "tags": [
          "link"
        ],
        "grid": 20
      },
      "attrs": [],
      "properties": {
        "id": 16,
        "order": 27,
        "prevSize": 20,
        "code": 59669,
        "name": "link"
      },
      "setIdx": 0,
      "setId": 3,
      "iconIdx": 17
    },
    {
      "icon": {
        "paths": [
          "M788.582 737.382l-134.502-385.792c-36.966-106.138-151.859-164.864-260.71-135.834l-101.171-196.352c-9.165-17.715-30.618-24.525-48.026-15.155-17.357 9.37-24.013 31.437-14.797 49.203l98.765 191.59c-78.694 52.224-119.603 151.245-93.645 244.429l109.517 394.035c30.822 110.694 157.696 167.117 285.235 128.102 125.901-44.186 197.12-165.734 159.334-274.227zM455.629 456.858c-37.376 12.288-77.363-8.806-89.344-47.155-12.032-38.298 8.602-79.258 45.926-91.546 37.376-12.288 77.414 8.806 89.395 47.104s-8.602 79.309-45.978 91.597z"
        ],
        "attrs": [],
        "isMulticolor": false,
        "isMulticolor2": false,
        "tags": [
          "mouse"
        ],
        "grid": 20
      },
      "attrs": [],
      "properties": {
        "id": 17,
        "order": 49,
        "prevSize": 20,
        "code": 59665,
        "name": "mouse"
      },
      "setIdx": 0,
      "setId": 3,
      "iconIdx": 18
    },
    {
      "icon": {
        "paths": [
          "M870.4 51.2h-716.8c-56.32 0-102.4 46.080-102.4 102.4v716.8c0 56.371 46.080 102.4 102.4 102.4h358.4v-358.4h-102.4v-126.72h102.4v-104.96c0-110.797 62.054-188.621 192.819-188.621l92.314 0.102v133.376h-61.286c-50.893 0-70.246 38.195-70.246 73.626v86.528h131.482l-29.082 126.669h-102.4v358.4h204.8c56.32 0 102.4-46.029 102.4-102.4v-716.8c0-56.32-46.080-102.4-102.4-102.4z"
        ],
        "attrs": [],
        "isMulticolor": false,
        "isMulticolor2": false,
        "tags": [
          "facebook"
        ],
        "grid": 20
      },
      "attrs": [],
      "properties": {
        "id": 18,
        "order": 10,
        "prevSize": 20,
        "code": 59676,
        "name": "facebook"
      },
      "setIdx": 0,
      "setId": 3,
      "iconIdx": 19
    },
    {
      "icon": {
        "paths": [
          "M870.4 51.2h-716.8c-56.32 0-102.4 46.080-102.4 102.4v716.8c0 56.371 46.080 102.4 102.4 102.4h716.8c56.32 0 102.4-46.029 102.4-102.4v-716.8c0-56.32-46.080-102.4-102.4-102.4zM511.181 794.778c156.621 0 283.546-127.027 283.546-283.597 0-17.306-2.202-33.997-5.274-50.381h80.947v369.459c0 19.558-15.872 35.328-35.482 35.328h-645.837c-19.61-0-35.482-15.77-35.482-35.328v-369.459h79.309c-3.123 16.384-5.325 33.075-5.325 50.381 0 156.621 127.027 283.597 283.597 283.597zM333.978 511.181c0-97.894 79.36-177.203 177.254-177.203 97.843 0 177.254 79.309 177.254 177.203s-79.411 177.254-177.254 177.254c-97.946 0-177.254-79.36-177.254-177.254zM834.918 307.2h-82.688c-19.558 0-35.43-15.974-35.43-35.43v-82.79c0-19.558 15.872-35.379 35.379-35.379h82.688c19.661 0 35.533 15.821 35.533 35.379v82.739c0 19.507-15.872 35.482-35.482 35.482z"
        ],
        "attrs": [],
        "isMulticolor": false,
        "isMulticolor2": false,
        "tags": [
          "instagram"
        ],
        "grid": 20
      },
      "attrs": [],
      "properties": {
        "id": 19,
        "order": 11,
        "prevSize": 20,
        "code": 59677,
        "name": "instagram"
      },
      "setIdx": 0,
      "setId": 3,
      "iconIdx": 20
    },
    {
      "icon": {
        "paths": [
          "M384 128c0-70.692 57.308-128 128-128s128 57.308 128 128c0 70.692-57.308 128-128 128s-128-57.308-128-128zM655.53 240.47c0-70.692 57.308-128 128-128s128 57.308 128 128c0 70.692-57.308 128-128 128s-128-57.308-128-128zM832 512c0-35.346 28.654-64 64-64s64 28.654 64 64c0 35.346-28.654 64-64 64s-64-28.654-64-64zM719.53 783.53c0-35.346 28.654-64 64-64s64 28.654 64 64c0 35.346-28.654 64-64 64s-64-28.654-64-64zM448.002 896c0 0 0 0 0 0 0-35.346 28.654-64 64-64s64 28.654 64 64c0 0 0 0 0 0 0 35.346-28.654 64-64 64s-64-28.654-64-64zM176.472 783.53c0 0 0 0 0 0 0-35.346 28.654-64 64-64s64 28.654 64 64c0 0 0 0 0 0 0 35.346-28.654 64-64 64s-64-28.654-64-64zM144.472 240.47c0 0 0 0 0 0 0-53.019 42.981-96 96-96s96 42.981 96 96c0 0 0 0 0 0 0 53.019-42.981 96-96 96s-96-42.981-96-96zM56 512c0-39.765 32.235-72 72-72s72 32.235 72 72c0 39.765-32.235 72-72 72s-72-32.235-72-72z"
        ],
        "attrs": [],
        "isMulticolor": false,
        "isMulticolor2": false,
        "tags": [
          "spinner",
          "loading",
          "loading-wheel",
          "busy",
          "wait"
        ],
        "defaultCode": 59770,
        "grid": 16
      },
      "attrs": [],
      "properties": {
        "ligatures": "spinner, loading2",
        "name": "spinner",
        "order": 34,
        "id": 0,
        "prevSize": 32,
        "code": 59770
      },
      "setIdx": 1,
      "setId": 2,
      "iconIdx": 0
    },
    {
      "icon": {
        "paths": [
          "M512 0c-278.748 0-505.458 222.762-511.848 499.974 5.92-241.864 189.832-435.974 415.848-435.974 229.75 0 416 200.576 416 448 0 53.020 42.98 96 96 96s96-42.98 96-96c0-282.77-229.23-512-512-512zM512 1024c278.748 0 505.458-222.762 511.848-499.974-5.92 241.864-189.832 435.974-415.848 435.974-229.75 0-416-200.576-416-448 0-53.020-42.98-96-96-96s-96 42.98-96 96c0 282.77 229.23 512 512 512z"
        ],
        "attrs": [],
        "isMulticolor": false,
        "isMulticolor2": false,
        "tags": [
          "spinner",
          "loading",
          "loading-wheel",
          "busy",
          "wait"
        ],
        "defaultCode": 59778,
        "grid": 16
      },
      "attrs": [],
      "properties": {
        "ligatures": "spinner9, loading10",
        "name": "spinner-2",
        "order": 57,
        "id": 1,
        "prevSize": 32,
        "code": 59778
      },
      "setIdx": 1,
      "setId": 2,
      "iconIdx": 1
    }
  ],
  "height": 1024,
  "metadata": {
    "name": "ic-fonts"
  },
  "preferences": {
    "showGlyphs": true,
    "showQuickUse": true,
    "showQuickUse2": true,
    "showSVGs": true,
    "fontPref": {
      "prefix": "ic-icon-",
      "metadata": {
        "fontFamily": "ic-fonts",
        "majorVersion": 1,
        "minorVersion": 0
      },
      "metrics": {
        "emSize": 1024,
        "baseline": 6.25,
        "whitespace": 50
      },
      "embed": false,
      "showSelector": true,
      "showMetrics": true,
      "showMetadata": true,
      "showVersion": true
    },
    "imagePref": {
      "prefix": "icon-",
      "png": true,
      "useClassSelector": true,
      "color": 0,
      "bgColor": 16777215,
      "classSelector": ".icon"
    },
    "historySize": 50,
    "showCodes": true,
    "gridSize": 16
  }
}